times,frequency
1,0.186692266
2,0.084836454
3,0.161015968
4,0.083808933
5,0.086663183
6,0.058464062
7,0.057977859
8,0.041524296
9,0.041352264
14,0.197664715